# Destination	Skills	Quests	Display info	Duration	Wilderness level	Varbits	VarPlayers
# Minigame Teleport shares Home Teleport's animation overrides: varp 4560 is a bitmask of enabled overrides, bit order = animation menu order: 1=Default 24t, 2=Runefest 21t, 4=Speedy 19t, 8=Armageddon 24t, 16=League I Twisted 24t, 32=League II Trailblazer 25t, 64=League III Shattered 20t, 128=League IV Trailblazer Reloaded 21t, 256=League V Raging Echoes 21t, 512=Annihilation 19t, 1024=League VI Demonic Pacts 23t; multiple enabled bits choose randomly; 888@20 is the 20-minute cooldown							
# Barbarian Assault - Barbarian Outpost							
2531 3569 0			Barbarian Assault Minigame Teleport	24	0	3264=11	4560=0;888@20
2531 3569 0			Barbarian Assault Minigame Teleport	24	0	3264=11	4560&1;888@20
2531 3569 0			Barbarian Assault Minigame Teleport	21	0	3264=11	4560&2;888@20
2531 3569 0			Barbarian Assault Minigame Teleport	19	0	3264=11	4560&4;888@20
2531 3569 0			Barbarian Assault Minigame Teleport	24	0	3264=11	4560&8;888@20
2531 3569 0			Barbarian Assault Minigame Teleport	24	0	3264=11	4560&16;888@20
2531 3569 0			Barbarian Assault Minigame Teleport	25	0	3264=11	4560&32;888@20
2531 3569 0			Barbarian Assault Minigame Teleport	20	0	3264=11	4560&64;888@20
2531 3569 0			Barbarian Assault Minigame Teleport	21	0	3264=11	4560&128;888@20
2531 3569 0			Barbarian Assault Minigame Teleport	21	0	3264=11	4560&256;888@20
2531 3569 0			Barbarian Assault Minigame Teleport	19	0	3264=11	4560&512;888@20
2531 3569 0			Barbarian Assault Minigame Teleport	23	0	3264=11	4560&1024;888@20
							
# Blast Furnace - East Keldagrim							
2934 10184 0		The Giant Dwarf	Blast Furnace Minigame Teleport	24	0		4560=0;888@20
2934 10184 0		The Giant Dwarf	Blast Furnace Minigame Teleport	24	0		4560&1;888@20
2934 10184 0		The Giant Dwarf	Blast Furnace Minigame Teleport	21	0		4560&2;888@20
2934 10184 0		The Giant Dwarf	Blast Furnace Minigame Teleport	19	0		4560&4;888@20
2934 10184 0		The Giant Dwarf	Blast Furnace Minigame Teleport	24	0		4560&8;888@20
2934 10184 0		The Giant Dwarf	Blast Furnace Minigame Teleport	24	0		4560&16;888@20
2934 10184 0		The Giant Dwarf	Blast Furnace Minigame Teleport	25	0		4560&32;888@20
2934 10184 0		The Giant Dwarf	Blast Furnace Minigame Teleport	20	0		4560&64;888@20
2934 10184 0		The Giant Dwarf	Blast Furnace Minigame Teleport	21	0		4560&128;888@20
2934 10184 0		The Giant Dwarf	Blast Furnace Minigame Teleport	21	0		4560&256;888@20
2934 10184 0		The Giant Dwarf	Blast Furnace Minigame Teleport	19	0		4560&512;888@20
2934 10184 0		The Giant Dwarf	Blast Furnace Minigame Teleport	23	0		4560&1024;888@20
							
# Burthorpe Games Room							
2899 3553 0			Burthorpe Games Room Minigame Teleport	24	0		4560=0;888@20
2899 3553 0			Burthorpe Games Room Minigame Teleport	24	0		4560&1;888@20
2899 3553 0			Burthorpe Games Room Minigame Teleport	21	0		4560&2;888@20
2899 3553 0			Burthorpe Games Room Minigame Teleport	19	0		4560&4;888@20
2899 3553 0			Burthorpe Games Room Minigame Teleport	24	0		4560&8;888@20
2899 3553 0			Burthorpe Games Room Minigame Teleport	24	0		4560&16;888@20
2899 3553 0			Burthorpe Games Room Minigame Teleport	25	0		4560&32;888@20
2899 3553 0			Burthorpe Games Room Minigame Teleport	20	0		4560&64;888@20
2899 3553 0			Burthorpe Games Room Minigame Teleport	21	0		4560&128;888@20
2899 3553 0			Burthorpe Games Room Minigame Teleport	21	0		4560&256;888@20
2899 3553 0			Burthorpe Games Room Minigame Teleport	19	0		4560&512;888@20
2899 3553 0			Burthorpe Games Room Minigame Teleport	23	0		4560&1024;888@20
							
# Castle Wars							
2442 3093 0			Castle Wars Minigame Teleport	24	0		4560=0;888@20
2442 3093 0			Castle Wars Minigame Teleport	24	0		4560&1;888@20
2442 3093 0			Castle Wars Minigame Teleport	21	0		4560&2;888@20
2442 3093 0			Castle Wars Minigame Teleport	19	0		4560&4;888@20
2442 3093 0			Castle Wars Minigame Teleport	24	0		4560&8;888@20
2442 3093 0			Castle Wars Minigame Teleport	24	0		4560&16;888@20
2442 3093 0			Castle Wars Minigame Teleport	25	0		4560&32;888@20
2442 3093 0			Castle Wars Minigame Teleport	20	0		4560&64;888@20
2442 3093 0			Castle Wars Minigame Teleport	21	0		4560&128;888@20
2442 3093 0			Castle Wars Minigame Teleport	21	0		4560&256;888@20
2442 3093 0			Castle Wars Minigame Teleport	19	0		4560&512;888@20
2442 3093 0			Castle Wars Minigame Teleport	23	0		4560&1024;888@20
							
# Clan Wars - Ferox Enclave							
3150 3635 0			Clan Wars Minigame Teleport	24	0		4560=0;888@20
3150 3635 0			Clan Wars Minigame Teleport	24	0		4560&1;888@20
3150 3635 0			Clan Wars Minigame Teleport	21	0		4560&2;888@20
3150 3635 0			Clan Wars Minigame Teleport	19	0		4560&4;888@20
3150 3635 0			Clan Wars Minigame Teleport	24	0		4560&8;888@20
3150 3635 0			Clan Wars Minigame Teleport	24	0		4560&16;888@20
3150 3635 0			Clan Wars Minigame Teleport	25	0		4560&32;888@20
3150 3635 0			Clan Wars Minigame Teleport	20	0		4560&64;888@20
3150 3635 0			Clan Wars Minigame Teleport	21	0		4560&128;888@20
3150 3635 0			Clan Wars Minigame Teleport	21	0		4560&256;888@20
3150 3635 0			Clan Wars Minigame Teleport	19	0		4560&512;888@20
3150 3635 0			Clan Wars Minigame Teleport	23	0		4560&1024;888@20
							
# Fishing Trawler - Port Khazard							
2658 3157 0	15 Fishing		Fishing Trawler Minigame Teleport	24	0		4560=0;888@20
2658 3157 0	15 Fishing		Fishing Trawler Minigame Teleport	24	0		4560&1;888@20
2658 3157 0	15 Fishing		Fishing Trawler Minigame Teleport	21	0		4560&2;888@20
2658 3157 0	15 Fishing		Fishing Trawler Minigame Teleport	19	0		4560&4;888@20
2658 3157 0	15 Fishing		Fishing Trawler Minigame Teleport	24	0		4560&8;888@20
2658 3157 0	15 Fishing		Fishing Trawler Minigame Teleport	24	0		4560&16;888@20
2658 3157 0	15 Fishing		Fishing Trawler Minigame Teleport	25	0		4560&32;888@20
2658 3157 0	15 Fishing		Fishing Trawler Minigame Teleport	20	0		4560&64;888@20
2658 3157 0	15 Fishing		Fishing Trawler Minigame Teleport	21	0		4560&128;888@20
2658 3157 0	15 Fishing		Fishing Trawler Minigame Teleport	21	0		4560&256;888@20
2658 3157 0	15 Fishing		Fishing Trawler Minigame Teleport	19	0		4560&512;888@20
2658 3157 0	15 Fishing		Fishing Trawler Minigame Teleport	23	0		4560&1024;888@20
							
# Giants' Foundry - Giants' Plateau							
3361 3149 0			Giant's Foundry Minigame Teleport	24	0		4560=0;888@20
3361 3149 0			Giant's Foundry Minigame Teleport	24	0		4560&1;888@20
3361 3149 0			Giant's Foundry Minigame Teleport	21	0		4560&2;888@20
3361 3149 0			Giant's Foundry Minigame Teleport	19	0		4560&4;888@20
3361 3149 0			Giant's Foundry Minigame Teleport	24	0		4560&8;888@20
3361 3149 0			Giant's Foundry Minigame Teleport	24	0		4560&16;888@20
3361 3149 0			Giant's Foundry Minigame Teleport	25	0		4560&32;888@20
3361 3149 0			Giant's Foundry Minigame Teleport	20	0		4560&64;888@20
3361 3149 0			Giant's Foundry Minigame Teleport	21	0		4560&128;888@20
3361 3149 0			Giant's Foundry Minigame Teleport	21	0		4560&256;888@20
3361 3149 0			Giant's Foundry Minigame Teleport	19	0		4560&512;888@20
3361 3149 0			Giant's Foundry Minigame Teleport	23	0		4560&1024;888@20
							
# Guardians of the Rift - Temple of the Eye							
3614 9477 0		Temple of the Eye	Guardians of the Rift Minigame Teleport	24	0		4560=0;888@20
3614 9477 0		Temple of the Eye	Guardians of the Rift Minigame Teleport	24	0		4560&1;888@20
3614 9477 0		Temple of the Eye	Guardians of the Rift Minigame Teleport	21	0		4560&2;888@20
3614 9477 0		Temple of the Eye	Guardians of the Rift Minigame Teleport	19	0		4560&4;888@20
3614 9477 0		Temple of the Eye	Guardians of the Rift Minigame Teleport	24	0		4560&8;888@20
3614 9477 0		Temple of the Eye	Guardians of the Rift Minigame Teleport	24	0		4560&16;888@20
3614 9477 0		Temple of the Eye	Guardians of the Rift Minigame Teleport	25	0		4560&32;888@20
3614 9477 0		Temple of the Eye	Guardians of the Rift Minigame Teleport	20	0		4560&64;888@20
3614 9477 0		Temple of the Eye	Guardians of the Rift Minigame Teleport	21	0		4560&128;888@20
3614 9477 0		Temple of the Eye	Guardians of the Rift Minigame Teleport	21	0		4560&256;888@20
3614 9477 0		Temple of the Eye	Guardians of the Rift Minigame Teleport	19	0		4560&512;888@20
3614 9477 0		Temple of the Eye	Guardians of the Rift Minigame Teleport	23	0		4560&1024;888@20
							
# Last Man Standing - Ferox Enclave							
3150 3635 0			Last Man Standing Minigame Teleport	24	0		4560=0;888@20
3150 3635 0			Last Man Standing Minigame Teleport	24	0		4560&1;888@20
3150 3635 0			Last Man Standing Minigame Teleport	21	0		4560&2;888@20
3150 3635 0			Last Man Standing Minigame Teleport	19	0		4560&4;888@20
3150 3635 0			Last Man Standing Minigame Teleport	24	0		4560&8;888@20
3150 3635 0			Last Man Standing Minigame Teleport	24	0		4560&16;888@20
3150 3635 0			Last Man Standing Minigame Teleport	25	0		4560&32;888@20
3150 3635 0			Last Man Standing Minigame Teleport	20	0		4560&64;888@20
3150 3635 0			Last Man Standing Minigame Teleport	21	0		4560&128;888@20
3150 3635 0			Last Man Standing Minigame Teleport	21	0		4560&256;888@20
3150 3635 0			Last Man Standing Minigame Teleport	19	0		4560&512;888@20
3150 3635 0			Last Man Standing Minigame Teleport	23	0		4560&1024;888@20
							
# Mage Training Arena							
3363 3295 0			Mage Training Arena Minigame Teleport	24	0		4560=0;888@20
3363 3295 0			Mage Training Arena Minigame Teleport	24	0		4560&1;888@20
3363 3295 0			Mage Training Arena Minigame Teleport	21	0		4560&2;888@20
3363 3295 0			Mage Training Arena Minigame Teleport	19	0		4560&4;888@20
3363 3295 0			Mage Training Arena Minigame Teleport	24	0		4560&8;888@20
3363 3295 0			Mage Training Arena Minigame Teleport	24	0		4560&16;888@20
3363 3295 0			Mage Training Arena Minigame Teleport	25	0		4560&32;888@20
3363 3295 0			Mage Training Arena Minigame Teleport	20	0		4560&64;888@20
3363 3295 0			Mage Training Arena Minigame Teleport	21	0		4560&128;888@20
3363 3295 0			Mage Training Arena Minigame Teleport	21	0		4560&256;888@20
3363 3295 0			Mage Training Arena Minigame Teleport	19	0		4560&512;888@20
3363 3295 0			Mage Training Arena Minigame Teleport	23	0		4560&1024;888@20
							
# Nightmare Zone - North of Yanille							
2609 3114 0			Nightmare Zone Minigame Teleport	24	0		4560=0;888@20
2609 3114 0			Nightmare Zone Minigame Teleport	24	0		4560&1;888@20
2609 3114 0			Nightmare Zone Minigame Teleport	21	0		4560&2;888@20
2609 3114 0			Nightmare Zone Minigame Teleport	19	0		4560&4;888@20
2609 3114 0			Nightmare Zone Minigame Teleport	24	0		4560&8;888@20
2609 3114 0			Nightmare Zone Minigame Teleport	24	0		4560&16;888@20
2609 3114 0			Nightmare Zone Minigame Teleport	25	0		4560&32;888@20
2609 3114 0			Nightmare Zone Minigame Teleport	20	0		4560&64;888@20
2609 3114 0			Nightmare Zone Minigame Teleport	21	0		4560&128;888@20
2609 3114 0			Nightmare Zone Minigame Teleport	21	0		4560&256;888@20
2609 3114 0			Nightmare Zone Minigame Teleport	19	0		4560&512;888@20
2609 3114 0			Nightmare Zone Minigame Teleport	23	0		4560&1024;888@20
							
# Pest Control - Void Knights' Outpost (requires 40 combat)							
2658 2663 0	40 Combat		Pest Control Minigame Teleport	24	0		4560=0;888@20
2658 2663 0	40 Combat		Pest Control Minigame Teleport	24	0		4560&1;888@20
2658 2663 0	40 Combat		Pest Control Minigame Teleport	21	0		4560&2;888@20
2658 2663 0	40 Combat		Pest Control Minigame Teleport	19	0		4560&4;888@20
2658 2663 0	40 Combat		Pest Control Minigame Teleport	24	0		4560&8;888@20
2658 2663 0	40 Combat		Pest Control Minigame Teleport	24	0		4560&16;888@20
2658 2663 0	40 Combat		Pest Control Minigame Teleport	25	0		4560&32;888@20
2658 2663 0	40 Combat		Pest Control Minigame Teleport	20	0		4560&64;888@20
2658 2663 0	40 Combat		Pest Control Minigame Teleport	21	0		4560&128;888@20
2658 2663 0	40 Combat		Pest Control Minigame Teleport	21	0		4560&256;888@20
2658 2663 0	40 Combat		Pest Control Minigame Teleport	19	0		4560&512;888@20
2658 2663 0	40 Combat		Pest Control Minigame Teleport	23	0		4560&1024;888@20
							
# Rat Pits - East Ardougne, Keldagrim, Port Sarim, Varrock							
2561 3319 0		Ratcatchers	Rat Pits Minigame Teleport: 1. Ardougne	24	0		4560=0;888@20
2561 3319 0		Ratcatchers	Rat Pits Minigame Teleport: 1. Ardougne	24	0		4560&1;888@20
2561 3319 0		Ratcatchers	Rat Pits Minigame Teleport: 1. Ardougne	21	0		4560&2;888@20
2561 3319 0		Ratcatchers	Rat Pits Minigame Teleport: 1. Ardougne	19	0		4560&4;888@20
2561 3319 0		Ratcatchers	Rat Pits Minigame Teleport: 1. Ardougne	24	0		4560&8;888@20
2561 3319 0		Ratcatchers	Rat Pits Minigame Teleport: 1. Ardougne	24	0		4560&16;888@20
2561 3319 0		Ratcatchers	Rat Pits Minigame Teleport: 1. Ardougne	25	0		4560&32;888@20
2561 3319 0		Ratcatchers	Rat Pits Minigame Teleport: 1. Ardougne	20	0		4560&64;888@20
2561 3319 0		Ratcatchers	Rat Pits Minigame Teleport: 1. Ardougne	21	0		4560&128;888@20
2561 3319 0		Ratcatchers	Rat Pits Minigame Teleport: 1. Ardougne	21	0		4560&256;888@20
2561 3319 0		Ratcatchers	Rat Pits Minigame Teleport: 1. Ardougne	19	0		4560&512;888@20
2561 3319 0		Ratcatchers	Rat Pits Minigame Teleport: 1. Ardougne	23	0		4560&1024;888@20
3262 3405 0		Ratcatchers	Rat Pits Minigame Teleport: 2. Varrock	24	0		4560=0;888@20
3262 3405 0		Ratcatchers	Rat Pits Minigame Teleport: 2. Varrock	24	0		4560&1;888@20
3262 3405 0		Ratcatchers	Rat Pits Minigame Teleport: 2. Varrock	21	0		4560&2;888@20
3262 3405 0		Ratcatchers	Rat Pits Minigame Teleport: 2. Varrock	19	0		4560&4;888@20
3262 3405 0		Ratcatchers	Rat Pits Minigame Teleport: 2. Varrock	24	0		4560&8;888@20
3262 3405 0		Ratcatchers	Rat Pits Minigame Teleport: 2. Varrock	24	0		4560&16;888@20
3262 3405 0		Ratcatchers	Rat Pits Minigame Teleport: 2. Varrock	25	0		4560&32;888@20
3262 3405 0		Ratcatchers	Rat Pits Minigame Teleport: 2. Varrock	20	0		4560&64;888@20
3262 3405 0		Ratcatchers	Rat Pits Minigame Teleport: 2. Varrock	21	0		4560&128;888@20
3262 3405 0		Ratcatchers	Rat Pits Minigame Teleport: 2. Varrock	21	0		4560&256;888@20
3262 3405 0		Ratcatchers	Rat Pits Minigame Teleport: 2. Varrock	19	0		4560&512;888@20
3262 3405 0		Ratcatchers	Rat Pits Minigame Teleport: 2. Varrock	23	0		4560&1024;888@20
2914 10193 0		Ratcatchers	Rat Pits Minigame Teleport: 3. Keldagrim	24	0		4560=0;888@20
2914 10193 0		Ratcatchers	Rat Pits Minigame Teleport: 3. Keldagrim	24	0		4560&1;888@20
2914 10193 0		Ratcatchers	Rat Pits Minigame Teleport: 3. Keldagrim	21	0		4560&2;888@20
2914 10193 0		Ratcatchers	Rat Pits Minigame Teleport: 3. Keldagrim	19	0		4560&4;888@20
2914 10193 0		Ratcatchers	Rat Pits Minigame Teleport: 3. Keldagrim	24	0		4560&8;888@20
2914 10193 0		Ratcatchers	Rat Pits Minigame Teleport: 3. Keldagrim	24	0		4560&16;888@20
2914 10193 0		Ratcatchers	Rat Pits Minigame Teleport: 3. Keldagrim	25	0		4560&32;888@20
2914 10193 0		Ratcatchers	Rat Pits Minigame Teleport: 3. Keldagrim	20	0		4560&64;888@20
2914 10193 0		Ratcatchers	Rat Pits Minigame Teleport: 3. Keldagrim	21	0		4560&128;888@20
2914 10193 0		Ratcatchers	Rat Pits Minigame Teleport: 3. Keldagrim	21	0		4560&256;888@20
2914 10193 0		Ratcatchers	Rat Pits Minigame Teleport: 3. Keldagrim	19	0		4560&512;888@20
2914 10193 0		Ratcatchers	Rat Pits Minigame Teleport: 3. Keldagrim	23	0		4560&1024;888@20
3018 3231 0		Ratcatchers	Rat Pits Minigame Teleport: 4. Port Sarim	24	0		4560=0;888@20
3018 3231 0		Ratcatchers	Rat Pits Minigame Teleport: 4. Port Sarim	24	0		4560&1;888@20
3018 3231 0		Ratcatchers	Rat Pits Minigame Teleport: 4. Port Sarim	21	0		4560&2;888@20
3018 3231 0		Ratcatchers	Rat Pits Minigame Teleport: 4. Port Sarim	19	0		4560&4;888@20
3018 3231 0		Ratcatchers	Rat Pits Minigame Teleport: 4. Port Sarim	24	0		4560&8;888@20
3018 3231 0		Ratcatchers	Rat Pits Minigame Teleport: 4. Port Sarim	24	0		4560&16;888@20
3018 3231 0		Ratcatchers	Rat Pits Minigame Teleport: 4. Port Sarim	25	0		4560&32;888@20
3018 3231 0		Ratcatchers	Rat Pits Minigame Teleport: 4. Port Sarim	20	0		4560&64;888@20
3018 3231 0		Ratcatchers	Rat Pits Minigame Teleport: 4. Port Sarim	21	0		4560&128;888@20
3018 3231 0		Ratcatchers	Rat Pits Minigame Teleport: 4. Port Sarim	21	0		4560&256;888@20
3018 3231 0		Ratcatchers	Rat Pits Minigame Teleport: 4. Port Sarim	19	0		4560&512;888@20
3018 3231 0		Ratcatchers	Rat Pits Minigame Teleport: 4. Port Sarim	23	0		4560&1024;888@20
							
# Shades of Mort'ton							
3506 3304 0		Shades of Mort'ton	Shades of Mort'ton Minigame Teleport	24	0		4560=0;888@20
3506 3304 0		Shades of Mort'ton	Shades of Mort'ton Minigame Teleport	24	0		4560&1;888@20
3506 3304 0		Shades of Mort'ton	Shades of Mort'ton Minigame Teleport	21	0		4560&2;888@20
3506 3304 0		Shades of Mort'ton	Shades of Mort'ton Minigame Teleport	19	0		4560&4;888@20
3506 3304 0		Shades of Mort'ton	Shades of Mort'ton Minigame Teleport	24	0		4560&8;888@20
3506 3304 0		Shades of Mort'ton	Shades of Mort'ton Minigame Teleport	24	0		4560&16;888@20
3506 3304 0		Shades of Mort'ton	Shades of Mort'ton Minigame Teleport	25	0		4560&32;888@20
3506 3304 0		Shades of Mort'ton	Shades of Mort'ton Minigame Teleport	20	0		4560&64;888@20
3506 3304 0		Shades of Mort'ton	Shades of Mort'ton Minigame Teleport	21	0		4560&128;888@20
3506 3304 0		Shades of Mort'ton	Shades of Mort'ton Minigame Teleport	21	0		4560&256;888@20
3506 3304 0		Shades of Mort'ton	Shades of Mort'ton Minigame Teleport	19	0		4560&512;888@20
3506 3304 0		Shades of Mort'ton	Shades of Mort'ton Minigame Teleport	23	0		4560&1024;888@20
							
# Soul Wars - Isle of Souls							
2018 5929 0			Soul Wars Minigame Teleport	24	0		4560=0;888@20
2018 5929 0			Soul Wars Minigame Teleport	24	0		4560&1;888@20
2018 5929 0			Soul Wars Minigame Teleport	21	0		4560&2;888@20
2018 5929 0			Soul Wars Minigame Teleport	19	0		4560&4;888@20
2018 5929 0			Soul Wars Minigame Teleport	24	0		4560&8;888@20
2018 5929 0			Soul Wars Minigame Teleport	24	0		4560&16;888@20
2018 5929 0			Soul Wars Minigame Teleport	25	0		4560&32;888@20
2018 5929 0			Soul Wars Minigame Teleport	20	0		4560&64;888@20
2018 5929 0			Soul Wars Minigame Teleport	21	0		4560&128;888@20
2018 5929 0			Soul Wars Minigame Teleport	21	0		4560&256;888@20
2018 5929 0			Soul Wars Minigame Teleport	19	0		4560&512;888@20
2018 5929 0			Soul Wars Minigame Teleport	23	0		4560&1024;888@20
							
# Tithe Farm - Hosidius							
1792 3501 0	34 Farming		Tithe Farm Minigame Teleport	24	0		4560=0;888@20
1792 3501 0	34 Farming		Tithe Farm Minigame Teleport	24	0		4560&1;888@20
1792 3501 0	34 Farming		Tithe Farm Minigame Teleport	21	0		4560&2;888@20
1792 3501 0	34 Farming		Tithe Farm Minigame Teleport	19	0		4560&4;888@20
1792 3501 0	34 Farming		Tithe Farm Minigame Teleport	24	0		4560&8;888@20
1792 3501 0	34 Farming		Tithe Farm Minigame Teleport	24	0		4560&16;888@20
1792 3501 0	34 Farming		Tithe Farm Minigame Teleport	25	0		4560&32;888@20
1792 3501 0	34 Farming		Tithe Farm Minigame Teleport	20	0		4560&64;888@20
1792 3501 0	34 Farming		Tithe Farm Minigame Teleport	21	0		4560&128;888@20
1792 3501 0	34 Farming		Tithe Farm Minigame Teleport	21	0		4560&256;888@20
1792 3501 0	34 Farming		Tithe Farm Minigame Teleport	19	0		4560&512;888@20
1792 3501 0	34 Farming		Tithe Farm Minigame Teleport	23	0		4560&1024;888@20
							
# Trouble Brewing - East Mos Le'Harmless							
3801 3015 0	40 Cooking	Cabin Fever	Trouble Brewing Minigame Teleport	24	0		4560=0;888@20
3801 3015 0	40 Cooking	Cabin Fever	Trouble Brewing Minigame Teleport	24	0		4560&1;888@20
3801 3015 0	40 Cooking	Cabin Fever	Trouble Brewing Minigame Teleport	21	0		4560&2;888@20
3801 3015 0	40 Cooking	Cabin Fever	Trouble Brewing Minigame Teleport	19	0		4560&4;888@20
3801 3015 0	40 Cooking	Cabin Fever	Trouble Brewing Minigame Teleport	24	0		4560&8;888@20
3801 3015 0	40 Cooking	Cabin Fever	Trouble Brewing Minigame Teleport	24	0		4560&16;888@20
3801 3015 0	40 Cooking	Cabin Fever	Trouble Brewing Minigame Teleport	25	0		4560&32;888@20
3801 3015 0	40 Cooking	Cabin Fever	Trouble Brewing Minigame Teleport	20	0		4560&64;888@20
3801 3015 0	40 Cooking	Cabin Fever	Trouble Brewing Minigame Teleport	21	0		4560&128;888@20
3801 3015 0	40 Cooking	Cabin Fever	Trouble Brewing Minigame Teleport	21	0		4560&256;888@20
3801 3015 0	40 Cooking	Cabin Fever	Trouble Brewing Minigame Teleport	19	0		4560&512;888@20
3801 3015 0	40 Cooking	Cabin Fever	Trouble Brewing Minigame Teleport	23	0		4560&1024;888@20
							
# TzHaar Fight Pit - Outer Mor Ul Rek							
2399 5177 0			TzHaar Fight Pit Minigame Teleport	24	0		4560=0;888@20
2399 5177 0			TzHaar Fight Pit Minigame Teleport	24	0		4560&1;888@20
2399 5177 0			TzHaar Fight Pit Minigame Teleport	21	0		4560&2;888@20
2399 5177 0			TzHaar Fight Pit Minigame Teleport	19	0		4560&4;888@20
2399 5177 0			TzHaar Fight Pit Minigame Teleport	24	0		4560&8;888@20
2399 5177 0			TzHaar Fight Pit Minigame Teleport	24	0		4560&16;888@20
2399 5177 0			TzHaar Fight Pit Minigame Teleport	25	0		4560&32;888@20
2399 5177 0			TzHaar Fight Pit Minigame Teleport	20	0		4560&64;888@20
2399 5177 0			TzHaar Fight Pit Minigame Teleport	21	0		4560&128;888@20
2399 5177 0			TzHaar Fight Pit Minigame Teleport	21	0		4560&256;888@20
2399 5177 0			TzHaar Fight Pit Minigame Teleport	19	0		4560&512;888@20
2399 5177 0			TzHaar Fight Pit Minigame Teleport	23	0		4560&1024;888@20
